FNAME;LNAME;CELL;EMAIL;SALUTATION;TITLE
John;Dodge;5558888888;jdodge@example.com;Mr.;SVP of Sales
Sarah;Smith;5559998888;ssnith@example.com;Ms.;Senior Sales Rep
George;Dapper;5559990000;gdapper@example.com;Dr.;Director of Healthcare
Jack;Dodge;5558888888;jdodge2@example.com;Mr.;EVP of Sales
Jessica;Jones;5559998888;jjones@example.com;Mrs.;Senior Sales Rep
Dragon;Davich;5559990000;dragonr@example.com;Dr.;Senior Member of Medical Staff
Steve;Curio;5555555454;curious@example.com;Mr.;Janitor
Laura;Black;5555553434;black@example.com;Ms.;Sales Rep
Wilhelm;Blake;5555555543;wblake@example.com;Mr.;CEO
Winter;Drake;5555555554;dragon2@example.com;Mr.;CFO
Sal;Sands;5555555553;sandssquared@example.com;Mr.;CTO
Julia;Wilds;5555559988;jwilds@example.com;Ms.;CMO
Juniper;Birsch;5555555432;woodsy@example.com;Mrs.;Director of Engineering
Valerie;Duncan;5555553433;vduncan@example.com;Ms.;Senior Member, Technical Staff
Patti;Patel;5555554334;ppatel@example.com;Mrs.;Head of Software Engineering
Justin;Short;5554453343;jshort@example.com;Mr.;Actor
John;Downes;5554440117;bungie@example.com;Mr.;Master Chief
Xavier;Birch;5550000333;xjb@example.com;Mr.;Chair of Genealogy
Basil;Wenceslas;5556663433;hansa@example.com;Chairman;Chairman
Alice;Black;5555555555;blackalice@example.com;Ms.;Botanist
